<?xml version="1.0" encoding="UTF-8"?>
<!DOCTYPE log4j:configuration SYSTEM "log4j.dtd">
  <log4j:configuration debug="true" xmlns:log4j="http://jakarta.apache.org/log4j/">
   <!-- This is the file appender .In &quot;value&quot; attribute give the path for the log files.  -->

    <!-- APPENDER FOR APPLICATION LOG MESSAGES -->
    <appender name="debug_appender" class="org.apache.log4j.RollingFileAppender">
	    <param name="File" value="conf/ZDLCLogs/Qualite/ZDLC_debug.log"/> 
	    <param name="Append" value="true"/> 
	    <param name="MaxFileSize" value="10MB"/>
	    <param name="MaxBackupIndex" value="150"/>
	    <layout class="org.apache.log4j.PatternLayout">
	    	<param name="ConversionPattern" value="%n %d{dd-MMM-yyyy HH:mm:ss,SSS} [%p] %c %m"/>
	    </layout>
	    <filter class="org.apache.log4j.varia.LevelRangeFilter">
	      <param name="LevelMax" value="DEBUG"/> 
	    </filter>
		 <filter class="org.apache.log4j.varia.StringMatchFilter">
		   <param name="StringToMatch" value="DBLOG:::: "/>
		   <param name="AcceptOnMatch" value="false"/>
		 </filter>
		  <filter class="org.apache.log4j.varia.StringMatchFilter">
            <param name="StringToMatch" value="Scheduler"/>
            <param name="AcceptOnMatch" value="false"/>
         </filter>
    </appender>
    
    <!-- APPENDER FOR INFO LOG MESSAGES -->
    <appender name="infoAppender" class="org.apache.log4j.RollingFileAppender">
	    <param name="File" value="conf/ZDLCLogs/Qualite/ZDLC_info.log"/> 
	    <param name="Append" value="true"/> 
	    <param name="MaxFileSize" value="10MB"/>
	    <param name="MaxBackupIndex" value="150"/>
	    <layout class="org.apache.log4j.PatternLayout">
	    	<param name="ConversionPattern" value="%n %d{dd-MMM-yyyy HH:mm:ss,SSS} [%p] %c %m"/>
	    </layout>
		<filter class="org.apache.log4j.varia.LevelRangeFilter">
	    	<param name="LevelMin" value="INFO"/>
	    </filter>
		<filter class="org.apache.log4j.varia.StringMatchFilter">
			<param name="StringToMatch" value="DBLOG:::: "/>
		   	<param name="AcceptOnMatch" value="false"/>
		 </filter>
		  <filter class="org.apache.log4j.varia.StringMatchFilter">
            <param name="StringToMatch" value="Scheduler"/>
            <param name="AcceptOnMatch" value="false"/>
         </filter>
    </appender>

     <!-- APPENDER FOR ERROR LOG MESSAGES -->
    <appender name="errorAppender" class="org.apache.log4j.RollingFileAppender">
	    <param name="File" value="conf/ZDLCLogs/Qualite/ZDLC_error.log"/> 
	    <param name="Append" value="true"/> 
	    <param name="MaxFileSize" value="10MB"/>
	    <param name="MaxBackupIndex" value="150"/>
	    <layout class="org.apache.log4j.PatternLayout">
	    	<param name="ConversionPattern" value="%n %d{dd-MMM-yyyy HH:mm:ss,SSS} [%p] %c %m"/>
	    </layout>
		<filter class="org.apache.log4j.varia.LevelRangeFilter">
	    	<param name="LevelMin" value="ERROR"/>
	    </filter>
		<filter class="org.apache.log4j.varia.StringMatchFilter">
			<param name="StringToMatch" value="DBLOG:::: "/>
		   	<param name="AcceptOnMatch" value="false"/>
		 </filter>
		  <filter class="org.apache.log4j.varia.StringMatchFilter">
            <param name="StringToMatch" value="Scheduler"/>
            <param name="AcceptOnMatch" value="false"/>
         </filter>
    </appender>

	<appender name="console" class="org.apache.log4j.ConsoleAppender">
		<param name="Target" value="System.out" />
		<param name="Threshold" value="DEBUG" />
		<layout class="org.apache.log4j.PatternLayout">
			<param name="ConversionPattern"
				value="%d{DATE} %p [%x] %F %m%n" />
		</layout>
	</appender>
	
	<!-- APPENDER FOR SCHEDULER -->
	<appender name="scheduler_appender" class="org.apache.log4j.RollingFileAppender">
           <param name="File" value="conf/ZDLCLogs/Qualite/ZDLC_scheduler.log.txt"/> 
           <param name="Append" value="true"/> 
           <param name="MaxFileSize" value="15MB"/>
           <param name="MaxBackupIndex" value="150"/>
           <layout class="org.apache.log4j.PatternLayout">
              <param name="ConversionPattern" value="%n %d{dd-MMM-yyyy HH:mm:ss,SSS} %m"/>
           </layout>
              <filter class="org.apache.log4j.varia.StringMatchFilter">
                     <param name="StringToMatch" value="Scheduler"/>
                     <param name="AcceptOnMatch" value="true"/>
              </filter>
              <filter class="org.apache.log4j.varia.DenyAllFilter"/>
    </appender>
	
	<!-- PUTTING IT ALL TO THE LOGGER -->
    <logger name="com.qualite">
    	<appender-ref ref="debug_appender"/>
	    <appender-ref ref="infoAppender"/>
		<appender-ref ref="errorAppender"/>
		<appender-ref ref="scheduler_appender"/>
    </logger>
    
  </log4j:configuration>